{
  "random_cv": {
    "LogReg": {
      "auc_mean": 0.6270583597627623,
      "auc_std": 0.06153234667643967,
      "ci_lo": 0.5718200469458332,
      "ci_hi": 0.6786754824490673,
      "scores": [
        0.6981132075471699,
        0.5313390313390314,
        0.6733143399810065,
        0.6505223171889838,
        0.5820029027576198
      ]
    },
    "RandomForest": {
      "auc_mean": 0.7040406565249333,
      "auc_std": 0.058989167243769174,
      "ci_lo": 0.6511370029923489,
      "ci_hi": 0.7542735042735043,
      "scores": [
        0.7438679245283019,
        0.7086894586894587,
        0.7846628679962013,
        0.6685660018993351,
        0.6144170295113691
      ]
    },
    "GradBoost": {
      "auc_mean": 0.6505755344120123,
      "auc_std": 0.04200521547101906,
      "ci_lo": 0.6142533462344782,
      "ci_hi": 0.6864652654589761,
      "scores": [
        0.6971698113207546,
        0.691358024691358,
        0.6552706552706553,
        0.5854700854700854,
        0.6236090953072084
      ]
    },
    "SVM-RBF": {
      "auc_mean": 0.6361943414144673,
      "auc_std": 0.02498037604296562,
      "ci_lo": 0.6123433182819975,
      "ci_hi": 0.6558913436900857,
      "scores": [
        0.6594339622641509,
        0.5925925925925926,
        0.6481481481481481,
        0.6562203228869895,
        0.6245766811804548
      ]
    }
  },
  "leave_one_user_out": {
    "LogReg": {
      "auc_mean": 0.5301631664849633,
      "auc_per_fold": [
        0.5283962069676356,
        0.5319301260022911
      ],
      "n_folds": 2
    },
    "RandomForest": {
      "auc_mean": 0.5259521764032073,
      "auc_per_fold": [
        0.5277777777777778,
        0.5241265750286369
      ],
      "n_folds": 2
    },
    "GradBoost": {
      "auc_mean": 0.544400453089702,
      "auc_per_fold": [
        0.5656050298907442,
        0.5231958762886598
      ],
      "n_folds": 2
    },
    "SVM-RBF": {
      "auc_mean": 0.5373448348411529,
      "auc_per_fold": [
        0.5328798185941044,
        0.5418098510882016
      ],
      "n_folds": 2
    }
  },
  "best_model": "RandomForest",
  "best_params": {
    "clf__max_depth": null,
    "clf__n_estimators": 200
  },
  "n_samples": 464,
  "class_balance": {
    "1": 268,
    "0": 196
  }
}